,Image,Label
0,Car0.jpg,0
1,Car1.jpg,0
2,Car10.jpg,0
3,Car100.jpg,0
4,Car101.jpg,0
5,Car102.jpg,0
6,Car103.jpg,0
7,Car104.jpg,0
8,Car105.jpg,0
9,Car106.jpg,0
10,Car107.jpg,0
11,Car108.jpg,0
12,Car109.jpg,0
13,Car11.jpg,0
14,Car110.jpg,0
15,Car111.jpg,0
16,Car112.jpg,0
17,Car113.jpg,0
18,Car114.jpg,0
19,Car115.jpg,0
20,Car116.jpg,0
21,Car117.jpg,0
22,Car118.jpg,0
23,Car119.jpg,0
24,Car12.jpg,0
25,Car120.jpg,0
26,Car121.jpg,0
27,Car122.jpg,0
28,Car123.jpg,0
29,Car124.jpg,0
30,Car125.jpg,0
31,Car126.jpg,0
32,Car127.jpg,0
33,Car128.jpg,0
34,Car129.jpg,0
35,Car13.jpg,0
36,Car130.jpg,0
37,Car131.jpg,0
38,Car132.jpg,0
39,Car133.jpg,0
40,Car134.jpg,0
41,Car135.jpg,0
42,Car136.jpg,0
43,Car137.jpg,0
44,Car138.jpg,0
45,Car139.jpg,0
46,Car14.jpg,0
47,Car140.jpg,0
48,Car141.jpg,0
49,Car142.jpg,0
50,Car143.jpg,0
51,Car144.jpg,0
52,Car145.jpg,0
53,Car146.jpg,0
54,Car147.jpg,0
55,Car148.jpg,0
56,Car149.jpg,0
57,Car15.jpg,0
58,Car150.jpg,0
59,Car151.jpg,0
60,Car152.jpg,0
61,Car153.jpg,0
62,Car154.jpg,0
63,Car155.jpg,0
64,Car156.jpg,0
65,Car157.jpg,0
66,Car158.jpg,0
67,Car159.jpg,0
68,Car16.jpg,0
69,Car160.jpg,0
70,Car161.jpg,0
71,Car162.jpg,0
72,Car163.jpg,0
73,Car164.jpg,0
74,Car165.jpg,0
75,Car166.jpg,0
76,Car167.jpg,0
77,Car168.jpg,0
78,Car169.jpg,0
79,Car17.jpg,0
80,Car170.jpg,0
81,Car171.jpg,0
82,Car172.jpg,0
83,Car173.jpg,0
84,Car174.jpg,0
85,Car175.jpg,0
86,Car176.jpg,0
87,Car177.jpg,0
88,Car178.jpg,0
89,Car179.jpg,0
90,Car18.jpg,0
91,Car180.jpg,0
92,Car181.jpg,0
93,Car182.jpg,0
94,Car183.jpg,0
95,Car184.jpg,0
96,Car185.jpg,0
97,Car186.jpg,0
98,Car187.jpg,0
99,Car188.jpg,0
100,Car189.jpg,0
101,Car19.jpg,0
102,Car190.jpg,0
103,Car191.jpg,0
104,Car192.jpg,0
105,Car193.jpg,0
106,Car194.jpg,0
107,Car195.jpg,0
108,Car196.jpg,0
109,Car197.jpg,0
110,Car198.jpg,0
111,Car199.jpg,0
112,Car2.jpg,0
113,Car20.jpg,0
114,Car21.jpg,0
115,Car22.jpg,0
116,Car23.jpg,0
117,Car24.jpg,0
118,Car25.jpg,0
119,Car26.jpg,0
120,Car27.jpg,0
121,Car28.jpg,0
122,Car29.jpg,0
123,Car3.jpg,0
124,Car30.jpg,0
125,Car31.jpg,0
126,Car32.jpg,0
127,Car33.jpg,0
128,Car34.jpg,0
129,Car35.jpg,0
130,Car36.jpg,0
131,Car37.jpg,0
132,Car38.jpg,0
133,Car39.jpg,0
134,Car4.jpg,0
135,Car40.jpg,0
136,Car41.jpg,0
137,Car42.jpg,0
138,Car43.jpg,0
139,Car44.jpg,0
140,Car45.jpg,0
141,Car46.jpg,0
142,Car47.jpg,0
143,Car48.jpg,0
144,Car49.jpg,0
145,Car5.jpg,0
146,Car50.jpg,0
147,Car51.jpg,0
148,Car52.jpg,0
149,Car53.jpg,0
150,Car54.jpg,0
151,Car55.jpg,0
152,Car56.jpg,0
153,Car57.jpg,0
154,Car58.jpg,0
155,Car59.jpg,0
156,Car6.jpg,0
157,Car60.jpg,0
158,Car61.jpg,0
159,Car62.jpg,0
160,Car63.jpg,0
161,Car64.jpg,0
162,Car65.jpg,0
163,Car66.jpg,0
164,Car67.jpg,0
165,Car68.jpg,0
166,Car69.jpg,0
167,Car7.jpg,0
168,Car70.jpg,0
169,Car71.jpg,0
170,Car72.jpg,0
171,Car73.jpg,0
172,Car74.jpg,0
173,Car75.jpg,0
174,Car76.jpg,0
175,Car77.jpg,0
176,Car78.jpg,0
177,Car79.jpg,0
178,Car8.jpg,0
179,Car80.jpg,0
180,Car81.jpg,0
181,Car82.jpg,0
182,Car83.jpg,0
183,Car84.jpg,0
184,Car85.jpg,0
185,Car86.jpg,0
186,Car87.jpg,0
187,Car88.jpg,0
188,Car89.jpg,0
189,Car9.jpg,0
190,Car90.jpg,0
191,Car91.jpg,0
192,Car92.jpg,0
193,Car93.jpg,0
194,Car94.jpg,0
195,Car95.jpg,0
196,Car96.jpg,0
197,Car97.jpg,0
198,Car98.jpg,0
199,Car99.jpg,0
200,Plane0.jpg,1
201,Plane1.jpg,1
202,Plane10.jpg,1
203,Plane100.jpg,1
204,Plane101.jpg,1
205,Plane102.jpg,1
206,Plane103.jpg,1
207,Plane104.jpg,1
208,Plane105.jpg,1
209,Plane106.jpg,1
210,Plane107.jpg,1
211,Plane108.jpg,1
212,Plane109.jpg,1
213,Plane11.jpg,1
214,Plane110.jpg,1
215,Plane111.jpg,1
216,Plane112.jpg,1
217,Plane113.jpg,1
218,Plane114.jpg,1
219,Plane115.jpg,1
220,Plane116.jpg,1
221,Plane117.jpg,1
222,Plane118.jpg,1
223,Plane119.jpg,1
224,Plane12.jpg,1
225,Plane120.jpg,1
226,Plane121.jpg,1
227,Plane122.jpg,1
228,Plane123.jpg,1
229,Plane124.jpg,1
230,Plane125.jpg,1
231,Plane126.jpg,1
232,Plane127.jpg,1
233,Plane128.jpg,1
234,Plane129.jpg,1
235,Plane13.jpg,1
236,Plane130.jpg,1
237,Plane131.jpg,1
238,Plane132.jpg,1
239,Plane133.jpg,1
240,Plane134.jpg,1
241,Plane135.jpg,1
242,Plane136.jpg,1
243,Plane137.jpg,1
244,Plane138.jpg,1
245,Plane139.jpg,1
246,Plane14.jpg,1
247,Plane140.jpg,1
248,Plane141.jpg,1
249,Plane142.jpg,1
250,Plane143.jpg,1
251,Plane144.jpg,1
252,Plane145.jpg,1
253,Plane146.jpg,1
254,Plane147.jpg,1
255,Plane148.jpg,1
256,Plane149.jpg,1
257,Plane15.jpg,1
258,Plane150.jpg,1
259,Plane151.jpg,1
260,Plane152.jpg,1
261,Plane153.jpg,1
262,Plane154.jpg,1
263,Plane155.jpg,1
264,Plane156.jpg,1
265,Plane157.jpg,1
266,Plane158.jpg,1
267,Plane159.jpg,1
268,Plane16.jpg,1
269,Plane160.jpg,1
270,Plane161.jpg,1
271,Plane162.jpg,1
272,Plane163.jpg,1
273,Plane164.jpg,1
274,Plane165.jpg,1
275,Plane166.jpg,1
276,Plane167.jpg,1
277,Plane168.jpg,1
278,Plane169.jpg,1
279,Plane17.jpg,1
280,Plane170.jpg,1
281,Plane171.jpg,1
282,Plane172.jpg,1
283,Plane173.jpg,1
284,Plane174.jpg,1
285,Plane175.jpg,1
286,Plane176.jpg,1
287,Plane177.jpg,1
288,Plane178.jpg,1
289,Plane179.jpg,1
290,Plane18.jpg,1
291,Plane180.jpg,1
292,Plane181.jpg,1
293,Plane182.jpg,1
294,Plane183.jpg,1
295,Plane184.jpg,1
296,Plane185.jpg,1
297,Plane186.jpg,1
298,Plane187.jpg,1
299,Plane188.jpg,1
300,Plane189.jpg,1
301,Plane19.jpg,1
302,Plane190.jpg,1
303,Plane191.jpg,1
304,Plane192.jpg,1
305,Plane193.jpg,1
306,Plane194.jpg,1
307,Plane195.jpg,1
308,Plane196.jpg,1
309,Plane197.jpg,1
310,Plane198.jpg,1
311,Plane199.jpg,1
312,Plane2.jpg,1
313,Plane20.jpg,1
314,Plane21.jpg,1
315,Plane22.jpg,1
316,Plane23.jpg,1
317,Plane24.jpg,1
318,Plane25.jpg,1
319,Plane26.jpg,1
320,Plane27.jpg,1
321,Plane28.jpg,1
322,Plane29.jpg,1
323,Plane3.jpg,1
324,Plane30.jpg,1
325,Plane31.jpg,1
326,Plane32.jpg,1
327,Plane33.jpg,1
328,Plane34.jpg,1
329,Plane35.jpg,1
330,Plane36.jpg,1
331,Plane37.jpg,1
332,Plane38.jpg,1
333,Plane39.jpg,1
334,Plane4.jpg,1
335,Plane40.jpg,1
336,Plane41.jpg,1
337,Plane42.jpg,1
338,Plane43.jpg,1
339,Plane44.jpg,1
340,Plane45.jpg,1
341,Plane46.jpg,1
342,Plane47.jpg,1
343,Plane48.jpg,1
344,Plane49.jpg,1
345,Plane5.jpg,1
346,Plane50.jpg,1
347,Plane51.jpg,1
348,Plane52.jpg,1
349,Plane53.jpg,1
350,Plane54.jpg,1
351,Plane55.jpg,1
352,Plane56.jpg,1
353,Plane57.jpg,1
354,Plane58.jpg,1
355,Plane59.jpg,1
356,Plane6.jpg,1
357,Plane60.jpg,1
358,Plane61.jpg,1
359,Plane62.jpg,1
360,Plane63.jpg,1
361,Plane64.jpg,1
362,Plane65.jpg,1
363,Plane66.jpg,1
364,Plane67.jpg,1
365,Plane68.jpg,1
366,Plane69.jpg,1
367,Plane7.jpg,1
368,Plane70.jpg,1
369,Plane71.jpg,1
370,Plane72.jpg,1
371,Plane73.jpg,1
372,Plane74.jpg,1
373,Plane75.jpg,1
374,Plane76.jpg,1
375,Plane77.jpg,1
376,Plane78.jpg,1
377,Plane79.jpg,1
378,Plane8.jpg,1
379,Plane80.jpg,1
380,Plane81.jpg,1
381,Plane82.jpg,1
382,Plane83.jpg,1
383,Plane84.jpg,1
384,Plane85.jpg,1
385,Plane86.jpg,1
386,Plane87.jpg,1
387,Plane88.jpg,1
388,Plane89.jpg,1
389,Plane9.jpg,1
390,Plane90.jpg,1
391,Plane91.jpg,1
392,Plane92.jpg,1
393,Plane93.jpg,1
394,Plane94.jpg,1
395,Plane95.jpg,1
396,Plane96.jpg,1
397,Plane97.jpg,1
398,Plane98.jpg,1
399,Plane99.jpg,1
